ip,account_count,accounts
72.35.190.19,3,"['A_6b3a8b213d', 'A_1f97e16953', 'A_e95b2c5030']"
107.249.78.206,2,"['A_e95b2c5030', 'A_6b3a8b213d']"
177.237.144.102,2,"['A_d444580218', 'A_f96ede8d34']"
192.167.6.144,2,"['A_8860be39b3', 'A_8413984c30']"
194.23.90.110,2,"['A_946b028740', 'A_0bfb0b4311']"
208.29.138.40,2,"['A_26ffea8fd9', 'A_48fbd03d61']"
44.180.24.95,2,"['A_9a5e1e7fac', 'A_ebdb869fd3']"
53.162.59.233,2,"['A_4081f88bb0', 'A_c462ca9c6b']"
54.132.225.149,2,"['A_e27beda014', 'A_4943ad62b4']"
